Sequence,variant,lambda_rate,seed,BPP,PSNR,SSIM,MS-SSIM,LPIPS,DISTS,MSE,summary_source
HoneyBee,Baseline,0.0018,42,0.0273617311328526,28.57781423412058,0.966454037030538,0.9407194077968596,0.1353683466712633,0.0410725424687067,0.0013904486744043,uploaded_results\honeybee_gpu0_baseline_full\honeybee_gpu0_baseline_full_20260708_080859\summary_metrics.csv
HoneyBee,Baseline,0.0067,42,0.0224722620881633,28.529389379003195,0.9660796463489532,0.940523917476336,0.1352483198046684,0.0404877404371897,0.0014059509364111,uploaded_results\honeybee_gpu0_baseline_full\honeybee_gpu0_baseline_full_20260708_080859\summary_metrics.csv
HoneyBee,Baseline,0.025,42,0.0155628872153199,27.6432663566981,0.961821726957957,0.9300026506185533,0.1528765921791394,0.0487799088160196,0.0017234224302228,uploaded_results\honeybee_gpu0_baseline_full\honeybee_gpu0_baseline_full_20260708_080859\summary_metrics.csv
HoneyBee,Full_ATIC,0.0018,42,0.2993157552083332,31.950805498298884,0.9802766372760136,0.9623475243647892,0.1039225498835245,0.0293206254641215,0.0006388881398985,uploaded_results\honeybee_gpu0_baseline_full\honeybee_gpu0_baseline_full_20260708_080859\summary_metrics.csv
HoneyBee,Full_ATIC,0.0067,42,0.2457144794228636,31.8409963608454,0.98095074792703,0.9622253020604452,0.1044271839161714,0.0296954731146494,0.0006550828819551,uploaded_results\honeybee_gpu0_baseline_full\honeybee_gpu0_baseline_full_20260708_080859\summary_metrics.csv
HoneyBee,Full_ATIC,0.025,42,0.1908236233903547,31.331781746596164,0.9782762209574382,0.9581271876891454,0.1134754002094268,0.0382613629102706,0.0007365209137788,uploaded_results\honeybee_gpu0_baseline_full\honeybee_gpu0_baseline_full_20260708_080859\summary_metrics.csv
HoneyBee,No_AdaptiveQuant,0.0018,42,0.3575409447312845,32.089457489694475,0.981386292974154,0.9632174958785374,0.101700660213828,0.0278581718603769,0.000618867871041,uploaded_results\honeybee_gpu1_noadaptive_nocbam\honeybee_gpu1_noadaptive_nocbam_20260708_080947\summary_metrics.csv
HoneyBee,No_AdaptiveQuant,0.0067,42,0.2763658267048651,31.257591107832056,0.976948215564092,0.9570980856815974,0.1165565865735212,0.0356380810340245,0.0007491459565547,uploaded_results\honeybee_gpu1_noadaptive_nocbam\honeybee_gpu1_noadaptive_nocbam_20260708_080947\summary_metrics.csv
HoneyBee,No_AdaptiveQuant,0.025,42,0.1940762976344229,31.32289925478732,0.9778742889563242,0.9577021290858586,0.1149481250594059,0.0356653521458307,0.0007379517725591,uploaded_results\honeybee_gpu1_noadaptive_nocbam\honeybee_gpu1_noadaptive_nocbam_20260708_080947\summary_metrics.csv
HoneyBee,No_CBAM,0.0018,42,0.3083756477136181,32.2878408659166,0.9826856722434362,0.9647855490446092,0.0977762731413046,0.0273464818795522,0.0005910633267679,uploaded_results\honeybee_gpu1_noadaptive_nocbam\honeybee_gpu1_noadaptive_nocbam_20260708_080947\summary_metrics.csv
HoneyBee,No_CBAM,0.0067,42,0.2501536924574111,31.90826793540888,0.979639172554016,0.9615968247254688,0.1033954209337631,0.0297890216112136,0.0006452126341173,uploaded_results\honeybee_gpu1_noadaptive_nocbam\honeybee_gpu1_noadaptive_nocbam_20260708_080947\summary_metrics.csv
HoneyBee,No_CBAM,0.025,42,0.1297214655778045,31.52024321983267,0.978243308266004,0.9593280146519344,0.107119661445419,0.0335401068131129,0.0007055695304491,uploaded_results\honeybee_gpu1_noadaptive_nocbam\honeybee_gpu1_noadaptive_nocbam_20260708_080947\summary_metrics.csv
Bosphorous,Baseline,0.0018,42,0.0091562947716732,21.50110541649079,0.6645722130934397,0.6697076638539632,0.3852878476182619,0.4490848928689956,0.0070784356445074,uploaded_results\bosphorous_gpu0_baseline_full_20260715_093210\atic_clean_results\bosphorous_gpu0_baseline_full_20260715_093210\summary_metrics.csv
Bosphorous,Baseline,0.0067,42,0.0053014352123862,20.652805804724103,0.646336575349172,0.64275337656339,0.3883236885070801,0.4948006381591161,0.0086062967466811,uploaded_results\bosphorous_gpu0_baseline_full_20260715_093210\atic_clean_results\bosphorous_gpu0_baseline_full_20260715_093210\summary_metrics.csv
Bosphorous,Baseline,0.025,42,0.004670539665308,20.323889527512247,0.6469241241614024,0.6443524161974589,0.4013395448525746,0.5022666295369466,0.0092823367255429,uploaded_results\bosphorous_gpu0_baseline_full_20260715_093210\atic_clean_results\bosphorous_gpu0_baseline_full_20260715_093210\summary_metrics.csv
Bosphorous,Full_ATIC,0.0018,42,0.5089596229835792,27.67063970749188,0.939933799703916,0.9143571346998216,0.2871322706341743,0.1762187202771504,0.0017099217550518,uploaded_results\bosphorous_gpu0_baseline_full_20260715_093210\atic_clean_results\bosphorous_gpu0_baseline_full_20260715_093210\summary_metrics.csv
Bosphorous,Full_ATIC,0.0067,42,0.1308627778198493,23.172260489433008,0.7722039302190145,0.7736405809720357,0.3788658554355303,0.4178523083527883,0.0048183830610166,uploaded_results\bosphorous_gpu0_baseline_full_20260715_093210\atic_clean_results\bosphorous_gpu0_baseline_full_20260715_093210\summary_metrics.csv
Bosphorous,Full_ATIC,0.025,42,0.0153324114167641,17.785753375026662,0.6069658517837524,0.5972441812356313,0.4336361313859622,0.6808515250682831,0.0166560378546516,uploaded_results\bosphorous_gpu0_baseline_full_20260715_093210\atic_clean_results\bosphorous_gpu0_baseline_full_20260715_093210\summary_metrics.csv
Bosphorous,No_AdaptiveQuant,0.0018,42,0.4970095898349589,28.539161498847573,0.955586631099383,0.9327023486296336,0.2564408386747042,0.139574384689331,0.001400016741051,uploaded_results\bosphorous_gpu1_noadaptive_nocbam_20260715_093238\atic_clean_results\bosphorous_gpu1_noadaptive_nocbam_20260715_093238\summary_metrics.csv
Bosphorous,No_AdaptiveQuant,0.0067,42,0.1282130497904961,22.175022292506988,0.7318766822417577,0.7367839952309926,0.4059028223156929,0.4433604478836059,0.0060612245850885,uploaded_results\bosphorous_gpu1_noadaptive_nocbam_20260715_093238\atic_clean_results\bosphorous_gpu1_noadaptive_nocbam_20260715_093238\summary_metrics.csv
Bosphorous,No_AdaptiveQuant,0.025,42,0.0399871323981893,17.80510807756072,0.6073324422041575,0.5977043122053146,0.428655148545901,0.6780980080366135,0.016581843762348,uploaded_results\bosphorous_gpu1_noadaptive_nocbam_20260715_093238\atic_clean_results\bosphorous_gpu1_noadaptive_nocbam_20260715_093238\summary_metrics.csv
Bosphorous,No_CBAM,0.0018,42,0.5202892837210447,28.54386799653124,0.9508675595124564,0.9263798803091048,0.2638267124692598,0.156227758526802,0.001398482080549,uploaded_results\bosphorous_gpu1_noadaptive_nocbam_20260715_093238\atic_clean_results\bosphorous_gpu1_noadaptive_nocbam_20260715_093238\summary_metrics.csv
Bosphorous,No_CBAM,0.0067,42,0.4441416355337136,27.56616013310867,0.9409344126780828,0.9149021824200948,0.2869531959295273,0.1849953174591064,0.0017515166682035,uploaded_results\bosphorous_gpu1_noadaptive_nocbam_20260715_093238\atic_clean_results\bosphorous_gpu1_noadaptive_nocbam_20260715_093238\summary_metrics.csv
Bosphorous,No_CBAM,0.025,42,0.0135626221029356,17.850449786810902,0.6106747339169184,0.6002786149581273,0.4305481185515721,0.6312935630480448,0.0164091260172426,uploaded_results\bosphorous_gpu1_noadaptive_nocbam_20260715_093238\atic_clean_results\bosphorous_gpu1_noadaptive_nocbam_20260715_093238\summary_metrics.csv
YachtRide,Baseline,0.0018,42,0.0057728692815627,12.148539448032814,0.4764945397774378,0.4799852152665456,0.5018927410244942,0.5869025876124699,0.0611278160785635,uploaded_results\yachtride_complete_results\atic_clean_results\yachtride_gpu0_baseline_full_20260715_172242\summary_metrics.csv
YachtRide,Baseline,0.0067,42,0.0058030093363773,15.981520113569731,0.506525472799937,0.4983714759349823,0.4757235536972681,0.568357382218043,0.0254712914737562,uploaded_results\yachtride_complete_results\atic_clean_results\yachtride_gpu0_baseline_full_20260715_172242\summary_metrics.csv
YachtRide,Baseline,0.025,42,0.0047140809020157,15.990755995499631,0.5039834668238957,0.5037934685746829,0.4788644999265671,0.5369433641433716,0.0258592994262774,uploaded_results\yachtride_complete_results\atic_clean_results\yachtride_gpu0_baseline_full_20260715_172242\summary_metrics.csv
YachtRide,Full_ATIC,0.0018,42,0.0264381222195095,16.258849980841703,0.511579688390096,0.507622096935908,0.4853151296575864,0.6119680841763814,0.0238689449926217,uploaded_results\yachtride_complete_results\atic_clean_results\yachtride_gpu0_baseline_full_20260715_172242\summary_metrics.csv
YachtRide,Full_ATIC,0.0067,42,0.0173245605029196,17.51934755423617,0.5163591603438059,0.5133229593435923,0.4940443312128385,0.6289684822161993,0.0177124487857023,uploaded_results\yachtride_complete_results\atic_clean_results\yachtride_gpu0_baseline_full_20260715_172242\summary_metrics.csv
YachtRide,Full_ATIC,0.025,42,0.0186590521227675,15.802047544753451,0.5088117639223735,0.5042552356918653,0.5366144349177678,0.6494837611913681,0.026298425036172,uploaded_results\yachtride_complete_results\atic_clean_results\yachtride_gpu0_baseline_full_20260715_172242\summary_metrics.csv
YachtRide,No_AdaptiveQuant,0.0018,42,0.27119860704838,21.592441482924453,0.782580844561259,0.774712273478508,0.4332985460758209,0.3219815144936244,0.0069577541202306,uploaded_results\yachtride_complete_results\atic_clean_results\yachtride_gpu1_noadaptive_nocbam_20260715_172256\summary_metrics.csv
YachtRide,No_AdaptiveQuant,0.0067,42,0.1413080607598701,16.601226836584534,0.5107468550403913,0.5045557116468747,0.5256091256936392,0.6570221910874049,0.0219884018413722,uploaded_results\yachtride_complete_results\atic_clean_results\yachtride_gpu1_noadaptive_nocbam_20260715_172256\summary_metrics.csv
YachtRide,No_AdaptiveQuant,0.025,42,0.0584546862472722,15.244544242476245,0.4793726513783137,0.4836497336626053,0.5082527468601863,0.6074229627847672,0.0300779920692245,uploaded_results\yachtride_noadaptive_lam0025_recovery\atic_clean_results\yachtride_gpu1_noadaptive_lam0025_recovery_20260715_234532\summary_metrics.csv
YachtRide,No_CBAM,0.0018,42,0.0618958182315277,17.532557491807093,0.5161523511012395,0.5180362790822983,0.5031589135527611,0.6454332441091537,0.0180420355560878,uploaded_results\yachtride_complete_results\atic_clean_results\yachtride_gpu1_noadaptive_nocbam_20260715_172256\summary_metrics.csv
YachtRide,No_CBAM,0.0067,42,0.4771844111313055,24.79280614746985,0.9024108211199444,0.8816018621126811,0.3526266813278198,0.1806111454963684,0.0033171494258567,uploaded_results\yachtride_complete_results\atic_clean_results\yachtride_gpu1_noadaptive_nocbam_20260715_172256\summary_metrics.csv
YachtRide,No_CBAM,0.025,42,0.0141164905941535,18.02663487701317,0.5179058472315471,0.5229182223478953,0.485417366027832,0.6248587985833486,0.0157949156593531,uploaded_results\yachtride_complete_results\atic_clean_results\yachtride_gpu1_noadaptive_nocbam_20260715_172256\summary_metrics.csv
