Sequence,metric,variant,lambda_rate,BPP,metric_value,on_internal_pareto_frontier
HoneyBee,PSNR,Baseline,0.0018,0.0273617311328526,28.57781423412058,True
HoneyBee,PSNR,Baseline,0.0067,0.0224722620881633,28.529389379003195,True
HoneyBee,PSNR,Baseline,0.025,0.0155628872153199,27.6432663566981,True
HoneyBee,PSNR,Full_ATIC,0.0018,0.2993157552083332,31.950805498298884,True
HoneyBee,PSNR,Full_ATIC,0.0067,0.2457144794228636,31.8409963608454,True
HoneyBee,PSNR,Full_ATIC,0.025,0.1908236233903547,31.331781746596164,False
HoneyBee,PSNR,No_AdaptiveQuant,0.0018,0.3575409447312845,32.089457489694475,False
HoneyBee,PSNR,No_AdaptiveQuant,0.0067,0.2763658267048651,31.257591107832056,False
HoneyBee,PSNR,No_AdaptiveQuant,0.025,0.1940762976344229,31.32289925478732,False
HoneyBee,PSNR,No_CBAM,0.0018,0.3083756477136181,32.2878408659166,True
HoneyBee,PSNR,No_CBAM,0.0067,0.2501536924574111,31.90826793540888,True
HoneyBee,PSNR,No_CBAM,0.025,0.1297214655778045,31.52024321983267,True
HoneyBee,SSIM,Baseline,0.0018,0.0273617311328526,0.966454037030538,True
HoneyBee,SSIM,Baseline,0.0067,0.0224722620881633,0.9660796463489532,True
HoneyBee,SSIM,Baseline,0.025,0.0155628872153199,0.961821726957957,True
HoneyBee,SSIM,Full_ATIC,0.0018,0.2993157552083332,0.9802766372760136,False
HoneyBee,SSIM,Full_ATIC,0.0067,0.2457144794228636,0.98095074792703,True
HoneyBee,SSIM,Full_ATIC,0.025,0.1908236233903547,0.9782762209574382,True
HoneyBee,SSIM,No_AdaptiveQuant,0.0018,0.3575409447312845,0.981386292974154,False
HoneyBee,SSIM,No_AdaptiveQuant,0.0067,0.2763658267048651,0.976948215564092,False
HoneyBee,SSIM,No_AdaptiveQuant,0.025,0.1940762976344229,0.9778742889563242,False
HoneyBee,SSIM,No_CBAM,0.0018,0.3083756477136181,0.9826856722434362,True
HoneyBee,SSIM,No_CBAM,0.0067,0.2501536924574111,0.979639172554016,False
HoneyBee,SSIM,No_CBAM,0.025,0.1297214655778045,0.978243308266004,True
HoneyBee,MS-SSIM,Baseline,0.0018,0.0273617311328526,0.9407194077968596,True
HoneyBee,MS-SSIM,Baseline,0.0067,0.0224722620881633,0.940523917476336,True
HoneyBee,MS-SSIM,Baseline,0.025,0.0155628872153199,0.9300026506185533,True
HoneyBee,MS-SSIM,Full_ATIC,0.0018,0.2993157552083332,0.9623475243647892,True
HoneyBee,MS-SSIM,Full_ATIC,0.0067,0.2457144794228636,0.9622253020604452,True
HoneyBee,MS-SSIM,Full_ATIC,0.025,0.1908236233903547,0.9581271876891454,False
HoneyBee,MS-SSIM,No_AdaptiveQuant,0.0018,0.3575409447312845,0.9632174958785374,False
HoneyBee,MS-SSIM,No_AdaptiveQuant,0.0067,0.2763658267048651,0.9570980856815974,False
HoneyBee,MS-SSIM,No_AdaptiveQuant,0.025,0.1940762976344229,0.9577021290858586,False
HoneyBee,MS-SSIM,No_CBAM,0.0018,0.3083756477136181,0.9647855490446092,True
HoneyBee,MS-SSIM,No_CBAM,0.0067,0.2501536924574111,0.9615968247254688,False
HoneyBee,MS-SSIM,No_CBAM,0.025,0.1297214655778045,0.9593280146519344,True
HoneyBee,LPIPS,Baseline,0.0018,0.0273617311328526,0.1353683466712633,False
HoneyBee,LPIPS,Baseline,0.0067,0.0224722620881633,0.1352483198046684,True
HoneyBee,LPIPS,Baseline,0.025,0.0155628872153199,0.1528765921791394,True
HoneyBee,LPIPS,Full_ATIC,0.0018,0.2993157552083332,0.1039225498835245,False
HoneyBee,LPIPS,Full_ATIC,0.0067,0.2457144794228636,0.1044271839161714,True
HoneyBee,LPIPS,Full_ATIC,0.025,0.1908236233903547,0.1134754002094268,False
HoneyBee,LPIPS,No_AdaptiveQuant,0.0018,0.3575409447312845,0.101700660213828,False
HoneyBee,LPIPS,No_AdaptiveQuant,0.0067,0.2763658267048651,0.1165565865735212,False
HoneyBee,LPIPS,No_AdaptiveQuant,0.025,0.1940762976344229,0.1149481250594059,False
HoneyBee,LPIPS,No_CBAM,0.0018,0.3083756477136181,0.0977762731413046,True
HoneyBee,LPIPS,No_CBAM,0.0067,0.2501536924574111,0.1033954209337631,True
HoneyBee,LPIPS,No_CBAM,0.025,0.1297214655778045,0.107119661445419,True
HoneyBee,DISTS,Baseline,0.0018,0.0273617311328526,0.0410725424687067,False
HoneyBee,DISTS,Baseline,0.0067,0.0224722620881633,0.0404877404371897,True
HoneyBee,DISTS,Baseline,0.025,0.0155628872153199,0.0487799088160196,True
HoneyBee,DISTS,Full_ATIC,0.0018,0.2993157552083332,0.0293206254641215,True
HoneyBee,DISTS,Full_ATIC,0.0067,0.2457144794228636,0.0296954731146494,True
HoneyBee,DISTS,Full_ATIC,0.025,0.1908236233903547,0.0382613629102706,False
HoneyBee,DISTS,No_AdaptiveQuant,0.0018,0.3575409447312845,0.0278581718603769,False
HoneyBee,DISTS,No_AdaptiveQuant,0.0067,0.2763658267048651,0.0356380810340245,False
HoneyBee,DISTS,No_AdaptiveQuant,0.025,0.1940762976344229,0.0356653521458307,False
HoneyBee,DISTS,No_CBAM,0.0018,0.3083756477136181,0.0273464818795522,True
HoneyBee,DISTS,No_CBAM,0.0067,0.2501536924574111,0.0297890216112136,False
HoneyBee,DISTS,No_CBAM,0.025,0.1297214655778045,0.0335401068131129,True
HoneyBee,MSE,Baseline,0.0018,0.0273617311328526,0.0013904486744043,True
HoneyBee,MSE,Baseline,0.0067,0.0224722620881633,0.0014059509364111,True
HoneyBee,MSE,Baseline,0.025,0.0155628872153199,0.0017234224302228,True
HoneyBee,MSE,Full_ATIC,0.0018,0.2993157552083332,0.0006388881398985,True
HoneyBee,MSE,Full_ATIC,0.0067,0.2457144794228636,0.0006550828819551,True
HoneyBee,MSE,Full_ATIC,0.025,0.1908236233903547,0.0007365209137788,False
HoneyBee,MSE,No_AdaptiveQuant,0.0018,0.3575409447312845,0.000618867871041,False
HoneyBee,MSE,No_AdaptiveQuant,0.0067,0.2763658267048651,0.0007491459565547,False
HoneyBee,MSE,No_AdaptiveQuant,0.025,0.1940762976344229,0.0007379517725591,False
HoneyBee,MSE,No_CBAM,0.0018,0.3083756477136181,0.0005910633267679,True
HoneyBee,MSE,No_CBAM,0.0067,0.2501536924574111,0.0006452126341173,True
HoneyBee,MSE,No_CBAM,0.025,0.1297214655778045,0.0007055695304491,True
Bosphorous,PSNR,Baseline,0.0018,0.0091562947716732,21.50110541649079,True
Bosphorous,PSNR,Baseline,0.0067,0.0053014352123862,20.652805804724103,True
Bosphorous,PSNR,Baseline,0.025,0.004670539665308,20.323889527512247,True
Bosphorous,PSNR,Full_ATIC,0.0018,0.5089596229835792,27.67063970749188,False
Bosphorous,PSNR,Full_ATIC,0.0067,0.1308627778198493,23.172260489433008,True
Bosphorous,PSNR,Full_ATIC,0.025,0.0153324114167641,17.785753375026662,False
Bosphorous,PSNR,No_AdaptiveQuant,0.0018,0.4970095898349589,28.539161498847573,True
Bosphorous,PSNR,No_AdaptiveQuant,0.0067,0.1282130497904961,22.175022292506988,True
Bosphorous,PSNR,No_AdaptiveQuant,0.025,0.0399871323981893,17.80510807756072,False
Bosphorous,PSNR,No_CBAM,0.0018,0.5202892837210447,28.54386799653124,True
Bosphorous,PSNR,No_CBAM,0.0067,0.4441416355337136,27.56616013310867,True
Bosphorous,PSNR,No_CBAM,0.025,0.0135626221029356,17.850449786810902,False
Bosphorous,SSIM,Baseline,0.0018,0.0091562947716732,0.6645722130934397,True
Bosphorous,SSIM,Baseline,0.0067,0.0053014352123862,0.646336575349172,False
Bosphorous,SSIM,Baseline,0.025,0.004670539665308,0.6469241241614024,True
Bosphorous,SSIM,Full_ATIC,0.0018,0.5089596229835792,0.939933799703916,False
Bosphorous,SSIM,Full_ATIC,0.0067,0.1308627778198493,0.7722039302190145,True
Bosphorous,SSIM,Full_ATIC,0.025,0.0153324114167641,0.6069658517837524,False
Bosphorous,SSIM,No_AdaptiveQuant,0.0018,0.4970095898349589,0.955586631099383,True
Bosphorous,SSIM,No_AdaptiveQuant,0.0067,0.1282130497904961,0.7318766822417577,True
Bosphorous,SSIM,No_AdaptiveQuant,0.025,0.0399871323981893,0.6073324422041575,False
Bosphorous,SSIM,No_CBAM,0.0018,0.5202892837210447,0.9508675595124564,False
Bosphorous,SSIM,No_CBAM,0.0067,0.4441416355337136,0.9409344126780828,True
Bosphorous,SSIM,No_CBAM,0.025,0.0135626221029356,0.6106747339169184,False
Bosphorous,MS-SSIM,Baseline,0.0018,0.0091562947716732,0.6697076638539632,True
Bosphorous,MS-SSIM,Baseline,0.0067,0.0053014352123862,0.64275337656339,False
Bosphorous,MS-SSIM,Baseline,0.025,0.004670539665308,0.6443524161974589,True
Bosphorous,MS-SSIM,Full_ATIC,0.0018,0.5089596229835792,0.9143571346998216,False
Bosphorous,MS-SSIM,Full_ATIC,0.0067,0.1308627778198493,0.7736405809720357,True
Bosphorous,MS-SSIM,Full_ATIC,0.025,0.0153324114167641,0.5972441812356313,False
Bosphorous,MS-SSIM,No_AdaptiveQuant,0.0018,0.4970095898349589,0.9327023486296336,True
Bosphorous,MS-SSIM,No_AdaptiveQuant,0.0067,0.1282130497904961,0.7367839952309926,True
Bosphorous,MS-SSIM,No_AdaptiveQuant,0.025,0.0399871323981893,0.5977043122053146,False
Bosphorous,MS-SSIM,No_CBAM,0.0018,0.5202892837210447,0.9263798803091048,False
Bosphorous,MS-SSIM,No_CBAM,0.0067,0.4441416355337136,0.9149021824200948,True
Bosphorous,MS-SSIM,No_CBAM,0.025,0.0135626221029356,0.6002786149581273,False
Bosphorous,LPIPS,Baseline,0.0018,0.0091562947716732,0.3852878476182619,True
Bosphorous,LPIPS,Baseline,0.0067,0.0053014352123862,0.3883236885070801,True
Bosphorous,LPIPS,Baseline,0.025,0.004670539665308,0.4013395448525746,True
Bosphorous,LPIPS,Full_ATIC,0.0018,0.5089596229835792,0.2871322706341743,False
Bosphorous,LPIPS,Full_ATIC,0.0067,0.1308627778198493,0.3788658554355303,True
Bosphorous,LPIPS,Full_ATIC,0.025,0.0153324114167641,0.4336361313859622,False
Bosphorous,LPIPS,No_AdaptiveQuant,0.0018,0.4970095898349589,0.2564408386747042,True
Bosphorous,LPIPS,No_AdaptiveQuant,0.0067,0.1282130497904961,0.4059028223156929,False
Bosphorous,LPIPS,No_AdaptiveQuant,0.025,0.0399871323981893,0.428655148545901,False
Bosphorous,LPIPS,No_CBAM,0.0018,0.5202892837210447,0.2638267124692598,False
Bosphorous,LPIPS,No_CBAM,0.0067,0.4441416355337136,0.2869531959295273,True
Bosphorous,LPIPS,No_CBAM,0.025,0.0135626221029356,0.4305481185515721,False
Bosphorous,DISTS,Baseline,0.0018,0.0091562947716732,0.4490848928689956,True
Bosphorous,DISTS,Baseline,0.0067,0.0053014352123862,0.4948006381591161,True
Bosphorous,DISTS,Baseline,0.025,0.004670539665308,0.5022666295369466,True
Bosphorous,DISTS,Full_ATIC,0.0018,0.5089596229835792,0.1762187202771504,False
Bosphorous,DISTS,Full_ATIC,0.0067,0.1308627778198493,0.4178523083527883,True
Bosphorous,DISTS,Full_ATIC,0.025,0.0153324114167641,0.6808515250682831,False
Bosphorous,DISTS,No_AdaptiveQuant,0.0018,0.4970095898349589,0.139574384689331,True
Bosphorous,DISTS,No_AdaptiveQuant,0.0067,0.1282130497904961,0.4433604478836059,True
Bosphorous,DISTS,No_AdaptiveQuant,0.025,0.0399871323981893,0.6780980080366135,False
Bosphorous,DISTS,No_CBAM,0.0018,0.5202892837210447,0.156227758526802,False
Bosphorous,DISTS,No_CBAM,0.0067,0.4441416355337136,0.1849953174591064,True
Bosphorous,DISTS,No_CBAM,0.025,0.0135626221029356,0.6312935630480448,False
Bosphorous,MSE,Baseline,0.0018,0.0091562947716732,0.0070784356445074,True
Bosphorous,MSE,Baseline,0.0067,0.0053014352123862,0.0086062967466811,True
Bosphorous,MSE,Baseline,0.025,0.004670539665308,0.0092823367255429,True
Bosphorous,MSE,Full_ATIC,0.0018,0.5089596229835792,0.0017099217550518,False
Bosphorous,MSE,Full_ATIC,0.0067,0.1308627778198493,0.0048183830610166,True
Bosphorous,MSE,Full_ATIC,0.025,0.0153324114167641,0.0166560378546516,False
Bosphorous,MSE,No_AdaptiveQuant,0.0018,0.4970095898349589,0.001400016741051,True
Bosphorous,MSE,No_AdaptiveQuant,0.0067,0.1282130497904961,0.0060612245850885,True
Bosphorous,MSE,No_AdaptiveQuant,0.025,0.0399871323981893,0.016581843762348,False
Bosphorous,MSE,No_CBAM,0.0018,0.5202892837210447,0.001398482080549,True
Bosphorous,MSE,No_CBAM,0.0067,0.4441416355337136,0.0017515166682035,True
Bosphorous,MSE,No_CBAM,0.025,0.0135626221029356,0.0164091260172426,False
YachtRide,PSNR,Baseline,0.0018,0.0057728692815627,12.148539448032814,False
YachtRide,PSNR,Baseline,0.0067,0.0058030093363773,15.981520113569731,False
YachtRide,PSNR,Baseline,0.025,0.0047140809020157,15.990755995499631,True
YachtRide,PSNR,Full_ATIC,0.0018,0.0264381222195095,16.258849980841703,False
YachtRide,PSNR,Full_ATIC,0.0067,0.0173245605029196,17.51934755423617,False
YachtRide,PSNR,Full_ATIC,0.025,0.0186590521227675,15.802047544753451,False
YachtRide,PSNR,No_AdaptiveQuant,0.0018,0.27119860704838,21.592441482924453,True
YachtRide,PSNR,No_AdaptiveQuant,0.0067,0.1413080607598701,16.601226836584534,False
YachtRide,PSNR,No_AdaptiveQuant,0.025,0.0584546862472722,15.244544242476245,False
YachtRide,PSNR,No_CBAM,0.0018,0.0618958182315277,17.532557491807093,False
YachtRide,PSNR,No_CBAM,0.0067,0.4771844111313055,24.79280614746985,True
YachtRide,PSNR,No_CBAM,0.025,0.0141164905941535,18.02663487701317,True
YachtRide,SSIM,Baseline,0.0018,0.0057728692815627,0.4764945397774378,False
YachtRide,SSIM,Baseline,0.0067,0.0058030093363773,0.506525472799937,True
YachtRide,SSIM,Baseline,0.025,0.0047140809020157,0.5039834668238957,True
YachtRide,SSIM,Full_ATIC,0.0018,0.0264381222195095,0.511579688390096,False
YachtRide,SSIM,Full_ATIC,0.0067,0.0173245605029196,0.5163591603438059,False
YachtRide,SSIM,Full_ATIC,0.025,0.0186590521227675,0.5088117639223735,False
YachtRide,SSIM,No_AdaptiveQuant,0.0018,0.27119860704838,0.782580844561259,True
YachtRide,SSIM,No_AdaptiveQuant,0.0067,0.1413080607598701,0.5107468550403913,False
YachtRide,SSIM,No_AdaptiveQuant,0.025,0.0584546862472722,0.4793726513783137,False
YachtRide,SSIM,No_CBAM,0.0018,0.0618958182315277,0.5161523511012395,False
YachtRide,SSIM,No_CBAM,0.0067,0.4771844111313055,0.9024108211199444,True
YachtRide,SSIM,No_CBAM,0.025,0.0141164905941535,0.5179058472315471,True
YachtRide,MS-SSIM,Baseline,0.0018,0.0057728692815627,0.4799852152665456,False
YachtRide,MS-SSIM,Baseline,0.0067,0.0058030093363773,0.4983714759349823,False
YachtRide,MS-SSIM,Baseline,0.025,0.0047140809020157,0.5037934685746829,True
YachtRide,MS-SSIM,Full_ATIC,0.0018,0.0264381222195095,0.507622096935908,False
YachtRide,MS-SSIM,Full_ATIC,0.0067,0.0173245605029196,0.5133229593435923,False
YachtRide,MS-SSIM,Full_ATIC,0.025,0.0186590521227675,0.5042552356918653,False
YachtRide,MS-SSIM,No_AdaptiveQuant,0.0018,0.27119860704838,0.774712273478508,True
YachtRide,MS-SSIM,No_AdaptiveQuant,0.0067,0.1413080607598701,0.5045557116468747,False
YachtRide,MS-SSIM,No_AdaptiveQuant,0.025,0.0584546862472722,0.4836497336626053,False
YachtRide,MS-SSIM,No_CBAM,0.0018,0.0618958182315277,0.5180362790822983,False
YachtRide,MS-SSIM,No_CBAM,0.0067,0.4771844111313055,0.8816018621126811,True
YachtRide,MS-SSIM,No_CBAM,0.025,0.0141164905941535,0.5229182223478953,True
YachtRide,LPIPS,Baseline,0.0018,0.0057728692815627,0.5018927410244942,False
YachtRide,LPIPS,Baseline,0.0067,0.0058030093363773,0.4757235536972681,True
YachtRide,LPIPS,Baseline,0.025,0.0047140809020157,0.4788644999265671,True
YachtRide,LPIPS,Full_ATIC,0.0018,0.0264381222195095,0.4853151296575864,False
YachtRide,LPIPS,Full_ATIC,0.0067,0.0173245605029196,0.4940443312128385,False
YachtRide,LPIPS,Full_ATIC,0.025,0.0186590521227675,0.5366144349177678,False
YachtRide,LPIPS,No_AdaptiveQuant,0.0018,0.27119860704838,0.4332985460758209,True
YachtRide,LPIPS,No_AdaptiveQuant,0.0067,0.1413080607598701,0.5256091256936392,False
YachtRide,LPIPS,No_AdaptiveQuant,0.025,0.0584546862472722,0.5082527468601863,False
YachtRide,LPIPS,No_CBAM,0.0018,0.0618958182315277,0.5031589135527611,False
YachtRide,LPIPS,No_CBAM,0.0067,0.4771844111313055,0.3526266813278198,True
YachtRide,LPIPS,No_CBAM,0.025,0.0141164905941535,0.485417366027832,False
YachtRide,DISTS,Baseline,0.0018,0.0057728692815627,0.5869025876124699,False
YachtRide,DISTS,Baseline,0.0067,0.0058030093363773,0.568357382218043,False
YachtRide,DISTS,Baseline,0.025,0.0047140809020157,0.5369433641433716,True
YachtRide,DISTS,Full_ATIC,0.0018,0.0264381222195095,0.6119680841763814,False
YachtRide,DISTS,Full_ATIC,0.0067,0.0173245605029196,0.6289684822161993,False
YachtRide,DISTS,Full_ATIC,0.025,0.0186590521227675,0.6494837611913681,False
YachtRide,DISTS,No_AdaptiveQuant,0.0018,0.27119860704838,0.3219815144936244,True
YachtRide,DISTS,No_AdaptiveQuant,0.0067,0.1413080607598701,0.6570221910874049,False
YachtRide,DISTS,No_AdaptiveQuant,0.025,0.0584546862472722,0.6074229627847672,False
YachtRide,DISTS,No_CBAM,0.0018,0.0618958182315277,0.6454332441091537,False
YachtRide,DISTS,No_CBAM,0.0067,0.4771844111313055,0.1806111454963684,True
YachtRide,DISTS,No_CBAM,0.025,0.0141164905941535,0.6248587985833486,False
YachtRide,MSE,Baseline,0.0018,0.0057728692815627,0.0611278160785635,False
YachtRide,MSE,Baseline,0.0067,0.0058030093363773,0.0254712914737562,True
YachtRide,MSE,Baseline,0.025,0.0047140809020157,0.0258592994262774,True
YachtRide,MSE,Full_ATIC,0.0018,0.0264381222195095,0.0238689449926217,False
YachtRide,MSE,Full_ATIC,0.0067,0.0173245605029196,0.0177124487857023,False
YachtRide,MSE,Full_ATIC,0.025,0.0186590521227675,0.026298425036172,False
YachtRide,MSE,No_AdaptiveQuant,0.0018,0.27119860704838,0.0069577541202306,True
YachtRide,MSE,No_AdaptiveQuant,0.0067,0.1413080607598701,0.0219884018413722,False
YachtRide,MSE,No_AdaptiveQuant,0.025,0.0584546862472722,0.0300779920692245,False
YachtRide,MSE,No_CBAM,0.0018,0.0618958182315277,0.0180420355560878,False
YachtRide,MSE,No_CBAM,0.0067,0.4771844111313055,0.0033171494258567,True
YachtRide,MSE,No_CBAM,0.025,0.0141164905941535,0.0157949156593531,True
